№,Название завтрака:,Ингредиенты на 1 порцию:,Приготовление:,Какое блюдо,Блюдо из
1,Овсяная каша на воде с медом и орехами,"Овсяные хлопья: 1/4 стакана (около 20 г)
Вода: 1 стакан (около 240 мл)
Мед: 1 чайная ложка (по вкусу)
Орехи: 1 столовая ложка (грецкие орехи, миндаль или фундук), измельченные
Соль: щепотка","В небольшой кастрюле доведите воду до кипения.
Добавьте овсяные хлопья и щепотку соли.
Уменьшите огонь до среднего и варите, помешивая, около 5-7 минут, пока овсянка не станет мягкой и не впитает воду.
Снимите кашу с огня и дайте ей немного остыть.
Добавьте мед и тщательно перемешайте.
Посыпьте кашу измельченными орехами.
Подавайте теплой.",основное,Овсяная крупа
2,Овсяная каша на воде с медом и фруктами,"Овсяные хлопья – 40 г
Вода – 200 мл
Мед – 1 ч. ложка (или по вкусу)
Фрукты (яблоко, груша, банан) – 50 г
Корица (по желанию) – 1/4 ч. ложки","Очистите и нарежьте выбранные фрукты на маленькие кусочки. Если используете банан, его можно нарезать кружочками или полукружочками.
В небольшой кастрюле доведите воду до кипения на среднем огне.
Уменьшите огонь до минимума и добавьте овсяные хлопья в кипящую воду.
Варите кашу, периодически помешивая, 5-7 минут или до тех пор, пока овсяные хлопья не станут мягкими и каша не приобретет нужную консистенцию.
За 2-3 минуты до окончания варки добавьте нарезанные фрукты в кастрюлю и аккуратно перемешайте.
Снимите кастрюлю с огня и добавьте мед. Перемешайте до полного растворения меда.
При желании добавьте немного корицы для аромата.
Переложите кашу в тарелку и дайте немного остыть перед подачей.",основное,Овсяная крупа
3,Овсяная каша на воде с медом и ягодами,"Овсяные хлопья – 40 г
Вода – 200 мл
Мед – 1 ч. ложка (или по вкусу)
Ягоды (клубника, черника, малина и др.) – 50 г
Корица или ваниль (по желанию) – щепотка","Если ягоды крупные (например, клубника), нарежьте их на мелкие кусочки. Мелкие ягоды, такие как черника или малина, можно добавлять целыми.
В небольшой кастрюле доведите воду до кипения на среднем огне.
Уменьшите огонь до минимума и добавьте овсяные хлопья в кипящую воду.
Варите кашу, периодически помешивая, 5-7 минут, пока овсяные хлопья не станут мягкими и каша не приобретет нужную консистенцию.
Снимите кастрюлю с огня.
Добавьте мед и аккуратно перемешайте до его полного растворения.
Добавьте ягоды в кашу и аккуратно перемешайте. Ягоды можно добавить сразу, чтобы они слегка разварились, или положить сверху при подаче.
При желании добавьте щепотку корицы или ванили для аромата.
Переложите кашу в тарелку и дайте немного остыть перед подачей.",основное,Овсяная крупа
4,Овсяная каша на миндальном молоке с медом и орехами,"Овсяные хлопья: 1/4 стакана (около 20 г)
Молоко (низкой жирности): 1 стакан (около 240 мл)
Мед: 1 чайная ложка (по вкусу)
Орехи: 1 столовая ложка (грецкие орехи, миндаль или фундук), измельченные
Соль: щепотка","В небольшой кастрюле доведите молоко до кипения.
Добавьте овсяные хлопья и щепотку соли.
Уменьшите огонь до среднего и варите, помешивая, около 5-7 минут, пока овсянка не станет мягкой и не впитает молоко.
Снимите кашу с огня и дайте ей немного остыть.
Добавьте мед и тщательно перемешайте.
Посыпьте кашу измельченными орехами.
Подавайте теплой.",основное,Овсяная крупа
5,Овсяная каша на миндальном молоке с медом и фруктами,"Овсяные хлопья – 40 г
Миндальное молоко – 200 мл
Мед – 1 ч. ложка (или по вкусу)
Фрукты (яблоко, груша, банан) – 50 г
Корица или ваниль (по желанию) – щепотка","Очистите и нарежьте фрукты на маленькие кусочки. Если используете банан, его можно нарезать кружочками или полукружочками.
В небольшой кастрюле доведите миндальное молоко до кипения на среднем огне.
Уменьшите огонь до минимума и добавьте овсяные хлопья в молоко.
Варите кашу, периодически помешивая, 5-7 минут, пока овсяные хлопья не станут мягкими и каша не приобретет нужную консистенцию.
За 2-3 минуты до окончания варки добавьте нарезанные фрукты в кастрюлю и аккуратно перемешайте.
Снимите кастрюлю с огня и добавьте мед. Перемешайте до полного растворения меда.
При желании добавьте щепотку корицы или ванили для аромата.
Переложите кашу в тарелку и дайте немного остыть перед подачей.",основное,Овсяная крупа
6,Овсяная каша на миндальном молоке с медом и ягодами,"Овсяные хлопья – 40 г
Миндальное молоко – 200 мл
Мед – 1 ч. ложка (или по вкусу)
Ягоды (черника, клубника, малина и др.) – 50 г
Ваниль или корица (по желанию) – щепотка","Если ягоды крупные (например, клубника), нарежьте их на мелкие кусочки. Мелкие ягоды, такие как черника или малина, можно использовать целыми.
В небольшой кастрюле доведите миндальное молоко до кипения на среднем огне.
Уменьшите огонь до минимума и добавьте овсяные хлопья в молоко.
Варите кашу, периодически помешивая, 5-7 минут, пока овсяные хлопья не станут мягкими и каша не приобретет нужную консистенцию.
Снимите кастрюлю с огня.
Добавьте мед и перемешайте до его полного растворения.
Добавьте ягоды в кашу и аккуратно перемешайте. Можно добавить ягоды сразу, чтобы они слегка разварились, или положить их сверху при подаче.
При желании добавьте щепотку ванили или корицы для аромата.
Переложите кашу в тарелку и дайте немного остыть перед подачей.",основное,Овсяная крупа
7,Овсяная каша на молоке с медом и орехами,"Овсяные хлопья: 1/4 стакана (около 20 г)
Молоко (низкой жирности): 1 стакан (около 240 мл)
Мед: 1 чайная ложка (по вкусу)
Орехи: 1 столовая ложка (грецкие орехи, миндаль или фундук), измельченные
Соль: щепотка","В небольшой кастрюле доведите молоко до кипения.
Добавьте овсяные хлопья и щепотку соли.
Уменьшите огонь до среднего и варите, помешивая, около 5-7 минут, пока овсянка не станет мягкой и не впитает молоко.
Снимите кашу с огня и дайте ей немного остыть.
Добавьте мед и тщательно перемешайте.
Посыпьте кашу измельченными орехами.
Подавайте теплой.",основное,Овсяная крупа
8,Овсяная каша на молоке с медом и фруктами,"Овсяные хлопья – 40 г
Молоко (коровье или растительное) – 200 мл
Мед – 1 ч. ложка (или по вкусу)
Фрукты (яблоко, груша, банан) – 50 г
Корица или ваниль (по желанию) – щепотка","Очистите и нарежьте фрукты на маленькие кусочки. Если используете банан, его можно нарезать кружочками или полукружочками.
В небольшой кастрюле доведите молоко до кипения на среднем огне.
Уменьшите огонь до минимума и добавьте овсяные хлопья в молоко.
Постоянно помешивая, варите кашу 5-7 минут, пока овсяные хлопья не станут мягкими и каша не приобретет нужную консистенцию.
За 2-3 минуты до окончания варки добавьте нарезанные фрукты в кастрюлю и аккуратно перемешайте.
Снимите кастрюлю с огня и добавьте мед. Перемешайте до полного растворения меда.
При желании добавьте щепотку корицы или ванили для аромата.
Переложите кашу в тарелку и дайте немного остыть перед подачей.",основное,Овсяная крупа
9,Овсяная каша на молоке с медом и ягодами,"Овсяные хлопья – 40 г
Молоко (коровье или растительное) – 200 мл
Мед – 1 ч. ложка (или по вкусу)
Ягоды (клубника, черника, малина и др.) – 50 г
Ваниль или корица (по желанию) – щепотка","Если используете крупные ягоды, например, клубнику, нарежьте их на мелкие кусочки. Мелкие ягоды, такие как черника или малина, можно добавлять целыми.
В небольшой кастрюле доведите молоко до кипения на среднем огне.
Уменьшите огонь до минимума и добавьте овсяные хлопья в молоко.
Варите кашу, периодически помешивая, 5-7 минут, пока овсяные хлопья не станут мягкими и каша не приобретет нужную консистенцию.
Снимите кастрюлю с огня.
Добавьте мед и аккуратно перемешайте до его полного растворения.
Добавьте ягоды в кашу и аккуратно перемешайте. Можно добавить ягоды сразу, чтобы они слегка разварились, или положить их сверху при подаче.
При желании добавьте щепотку ванили или корицы для аромата.
Переложите кашу в тарелку и дайте немного остыть перед подачей.",основное,Овсяная крупа
10,Овсяная каша с добавлением семян,"Овсяные хлопья – 40 г
Вода или молоко (коровье, миндальное или другое) – 200 мл
Семена (льняные, чиа, тыквенные или подсолнечные) – 1-2 ч. ложки
Мед – 1 ч. ложка (или по вкусу)
Ягоды или нарезанные фрукты (по желанию) – 50 г
Ваниль или корица (по желанию) – щепотка","В небольшой кастрюле доведите воду или молоко до кипения на среднем огне.
Уменьшите огонь до минимума и добавьте овсяные хлопья.
Варите кашу, периодически помешивая, 5-7 минут, пока овсяные хлопья не станут мягкими и каша не приобретет нужную консистенцию.
За 1-2 минуты до окончания варки добавьте семена в кашу и хорошо перемешайте.
Снимите кастрюлю с огня и добавьте мед. Перемешайте до полного растворения меда.
Можно добавить ягоды или нарезанные фрукты сразу после снятия каши с огня, чтобы они слегка прогрелись, или положить их сверху при подаче.
При желании добавьте щепотку ванили или корицы для аромата.
Переложите кашу в тарелку и дайте немного остыть перед подачей.",основное,Овсяная крупа
11,Овсяная каша с овощами,"Овсяные хлопья – 40 г
Вода – 200 мл
Овощи (например, морковь, брокколи, цветная капуста) – 50-70 г
Оливковое масло (по желанию) – 1/2 ч. ложки
Соль – по вкусу (по желанию)
Перец – по вкусу (по желанию)
Прованские травы или петрушка (по желанию) – щепотка","Нарежьте овощи на мелкие кусочки. Если используете морковь, можно натереть ее на терке.
В небольшой кастрюле доведите воду до кипения на среднем огне.
Добавьте нарезанные овощи и варите их до мягкости, примерно 5-7 минут.
Уменьшите огонь до минимума и добавьте овсяные хлопья в кастрюлю с овощами.
Варите кашу, периодически помешивая, еще 5-7 минут, пока овсяные хлопья не станут мягкими и каша не приобретет нужную консистенцию.
Если хотите, добавьте немного оливкового масла для вкуса и текстуры, а также соль, перец и прованские травы или петрушку по вкусу.
Переложите кашу в тарелку и дайте немного остыть перед подачей.",основное,Овсяная крупа
12,Овсяная каша с пряностями,"Овсяные хлопья – 40 г
Вода или молоко (коровье, миндальное или другое) – 200 мл
Мед – 1 ч. ложка (или по вкусу)
Пряности (корица, кардамон, имбирь) – по вкусу
Ваниль (по желанию) – 1/4 ч. ложки
Соль – по вкусу (по желанию)","В небольшой кастрюле доведите воду или молоко до кипения на среднем огне.
Уменьшите огонь до минимума и добавьте овсяные хлопья в кипящую жидкость.
Варите кашу, периодически помешивая, 5-7 минут, пока овсяные хлопья не станут мягкими и каша не приобретет нужную консистенцию.
За 2-3 минуты до окончания варки добавьте выбранные пряности (например, корицу и кардамон) и ваниль, если используете.
Снимите кастрюлю с огня и добавьте мед. Перемешайте до полного растворения меда.
Переложите кашу в тарелку и дайте немного остыть перед подачей.",основное,Овсяная крупа
13,Овсяные котлеты с овощами,"Овсяные хлопья – 40 г
Вода – 100 мл
Морковь – 1 маленькая (около 50 г)
Кабачок – 1/2 маленького (около 50 г)
Лук – 1/4 маленькой луковицы
Яйцо – 1 (по желанию, для связки)
Соль – по вкусу (по желанию)
Перец – по вкусу (по желанию)
Оливковое масло – для смазывания (по желанию)
Зелень (петрушка, укроп) – по вкусу (по желанию)","Морковь и кабачок натрите на мелкой терке. Лук мелко нарежьте.
В небольшой кастрюле доведите воду до кипения.
Добавьте овсяные хлопья в кипящую воду и варите 2-3 минуты, пока овсяные хлопья не впитают воду и не станут мягкими. Затем дайте им немного остыть.
В глубокой миске соедините овсяные хлопья, натертые овощи, мелко нарезанный лук и, если используете, взбитое яйцо.
Приправьте смесь солью, перцем и добавьте рубленую зелень, если хотите. Хорошо перемешайте до получения однородной массы.
Сформируйте из полученной массы небольшие котлеты.
Разогрейте сковороду на среднем огне. Если используете оливковое масло, смажьте сковороду тонким слоем.
Обжаривайте котлеты с обеих сторон до золотистой корочки, примерно по 3-4 минуты с каждой стороны. Можно также приготовить котлеты на пару или в духовке при 180°C около 20 минут.
Подавайте котлеты теплыми, как самостоятельное блюдо или с гарниром из овощей.",основное,Овсяная крупа
14,Овсяные котлеты с зеленью,"Овсяные хлопья – 40 г
Вода – 100 мл
Зелень (петрушка, укроп, зеленый лук) – 2-3 ст. ложки (мелко нарезанная)
Яйцо – 1 (по желанию, для связки)
Соль – по вкусу (по желанию)
Перец – по вкусу (по желанию)
Оливковое масло – для смазывания (по желанию)","В небольшой кастрюле доведите воду до кипения.
Добавьте овсяные хлопья в кипящую воду и варите 2-3 минуты, пока овсяные хлопья не впитают воду и не станут мягкими. Дайте им немного остыть.
В глубокой миске соедините овсяные хлопья и мелко нарезанную зелень.
Если используете, добавьте взбитое яйцо для лучшей связки массы.
Приправьте смесь солью и перцем по вкусу. Хорошо перемешайте до получения однородной массы.
Сформируйте из полученной массы небольшие котлеты.
Разогрейте сковороду на среднем огне. Если используете оливковое масло, смажьте сковороду тонким слоем.
Обжаривайте котлеты с обеих сторон до золотистой корочки, примерно по 3-4 минуты с каждой стороны. Также можно готовить котлеты на пару или в духовке при 180°C около 20 минут.
Подавайте котлеты теплыми, как самостоятельное блюдо или с гарниром из овощей.",основное,Овсяная крупа
15,Овсяноблин,"Овсяные хлопья – 30 г
Вода – 100 мл
Яйцо – 1 (по желанию)
Соль – по вкусу (по желанию)
Перец – по вкусу (по желанию)
Зелень (петрушка, укроп) – по желанию
Оливковое масло – для смазывания сковороды (по желанию)","В небольшой кастрюле доведите воду до кипения.
Добавьте овсяные хлопья в кипящую воду и варите 2-3 минуты, пока они не впитают воду и не станут мягкими. Дайте немного остыть.
В глубокой миске объедините овсяные хлопья с яйцом (если используете). Хорошо перемешайте. Если не используете яйцо, просто смешайте овсяные хлопья с водой до однородной массы.
При необходимости добавьте соль и перец, а также мелко нарезанную зелень по вкусу.
Разогрейте сковороду на среднем огне. Если используете оливковое масло, смажьте сковороду тонким слоем.
Вылейте смесь на сковороду и распределите равномерно.
Обжаривайте овсяноблин с одной стороны 2-3 минуты, пока он не станет золотистым. Затем аккуратно переверните и обжаривайте с другой стороны еще 1-2 минуты.",основное,Овсяная крупа
16,Овсяные оладьи,"Овсяные хлопья – 40 г
Вода или молоко (коровье, миндальное или другое) – 100 мл
Яйцо – 1 (по желанию, для связки)
Разрыхлитель теста – 1/2 ч. ложки (по желанию)
Соль – по вкусу (по желанию)
Мед или кленовый сироп – 1 ч. ложка (по желанию)
Оливковое масло – для смазывания сковороды (по желанию)
Зелень или фрукты для подачи (по желанию)","В небольшой кастрюле доведите воду или молоко до кипения.
Добавьте овсяные хлопья в кипящую жидкость и варите 2-3 минуты, пока овсяные хлопья не впитают жидкость и не станут мягкими. Дайте немного остыть.
В глубокой миске объедините овсяные хлопья с яйцом (если используете) и тщательно перемешайте. Если не используете яйцо, просто смешайте овсяные хлопья с водой или молоком до получения однородной массы.
Добавьте разрыхлитель теста, если используете. При необходимости добавьте соль и мед или кленовый сироп для сладости.
Разогрейте сковороду на среднем огне. Если используете оливковое масло, смажьте сковороду тонким слоем.
Выкладывайте ложкой тесто на сковороду, формируя небольшие оладьи. Обжаривайте их с обеих сторон по 2-3 минуты до золотистой корочки.
Переложите оладьи на тарелку и дайте немного остыть.
Подавайте оладьи с зеленью или фруктами по вашему выбору.",основное,Овсяная крупа
17,Овсяный пудинг,"Овсяные хлопья – 40 г
Молоко (коровье, миндальное или другое) – 200 мл
Мед или кленовый сироп – 1 ч. ложка (или по вкусу)
Семена чиа (по желанию) – 1 ч. ложка
Ванильный экстракт (по желанию) – 1/4 ч. ложки
Ягоды или нарезанные фрукты (по желанию) – 30-50 г","В небольшой кастрюле доведите молоко до кипения на среднем огне.
Уменьшите огонь и добавьте овсяные хлопья. Варите, периодически помешивая, 5-7 минут, пока овсяные хлопья не станут мягкими и пудинг не приобретет нужную консистенцию.
Снимите кастрюлю с огня.
Добавьте мед или кленовый сироп, ванильный экстракт и, если используете, семена чиа. Хорошо перемешайте. Семена чиа придадут пудингу дополнительную текстуру и густоту.
Переложите пудинг в тарелку или контейнер и дайте ему немного остыть.
Для более густой консистенции можно дать пудингу постоять в холодильнике 1-2 часа.",основное,Овсяная крупа
18,Овсяные панкейки,"Овсяные хлопья – 40 г
Молоко (коровье, миндальное или другое) – 100 мл
Яйцо – 1 (по желанию, для связки)
Разрыхлитель теста – 1/2 ч. ложки
Мед или кленовый сироп – 1 ч. ложка (или по вкусу)
Соль – по вкусу (по желанию)
Оливковое масло – для смазывания сковороды (по желанию)
Ягоды или фрукты для подачи (по желанию)","В небольшой кастрюле доведите молоко до кипения.
Добавьте овсяные хлопья в кипящее молоко и варите 2-3 минуты, пока они не впитают молоко и не станут мягкими. Дайте немного остыть.
В глубокой миске объедините овсяные хлопья, разрыхлитель теста и, если используете, взбитое яйцо. Хорошо перемешайте до получения однородной массы.
Добавьте мед или кленовый сироп и, если нужно, соль. Хорошо перемешайте.
Разогрейте сковороду на среднем огне. Если используете оливковое масло, смажьте сковороду тонким слоем.
Вылейте немного теста на сковороду, формируя небольшие панкейки. Обжаривайте до золотистой корочки, примерно 2-3 минуты с каждой стороны.
Переложите панкейки на тарелку и дайте немного остыть.
Подавайте панкейки с ягодами, нарезанными фруктами или небольшим количеством меда по вашему выбору.",основное,Овсяная крупа
19,Овсянная запеканка,"Овсяные хлопья – 40 г
Молоко (коровье, миндальное или другое) – 200 мл
Яйцо – 1 (по желанию, для связки)
Мед или кленовый сироп – 1 ч. ложка (или по вкусу)
Ягоды или нарезанные фрукты – 50 г (по желанию)
Разрыхлитель теста – 1/2 ч. ложки (по желанию)
Ванильный экстракт – 1/4 ч. ложки (по желанию)
Щепотка соли","Разогрейте духовку до 180°C.
В глубокой миске объедините овсяные хлопья, молоко, мед или кленовый сироп, ванильный экстракт (если используете) и щепотку соли. Если используете, добавьте разрыхлитель теста.
Если используете яйцо, взбейте его и добавьте в смесь для лучшей связки.
Если используете ягоды или нарезанные фрукты, добавьте их в смесь и аккуратно перемешайте.
Переложите смесь в небольшую форму для запеканки, смазанную маслом или выложенную пергаментной бумагой.
Выпекайте в разогретой духовке около 25-30 минут, пока запеканка не станет золотистой и не будет полностью пропеченной. Проверяйте готовность с помощью зубочистки — она должна выйти чистой.
Дайте запеканке немного остыть перед нарезкой и подачей.
Подавайте запеканку как самостоятельное блюдо или с добавлением дополнительного меда или кленового сиропа по вашему выбору.",основное,Овсяная крупа
20,Гречневая каша с медом и орехами,"Гречневая крупа – 40 г
Вода или молоко (коровье, миндальное или другое) – 200 мл
Мед – 1 ч. ложка (или по вкусу)
Орехи (грецкие, миндаль, фундук) – 10-15 г (измельченные)
Соль – по вкусу (по желанию)","Если используете молоко, доведите его до кипения на среднем огне. Если используете воду, доведите воду до кипения.
Добавьте гречневую крупу в кипящую жидкость. Уменьшите огонь до минимума и варите под крышкой 15-20 минут, пока гречка не станет мягкой и жидкость не впитается. Если жидкость полностью впиталась, но гречка еще твердая, добавьте немного жидкости и продолжайте варить до готовности.
Снимите кастрюлю с огня. Если хотите, добавьте немного соли по вкусу.
Вмешайте мед в горячую кашу.
Посыпьте кашу измельченными орехами.
Переложите кашу в тарелку и дайте немного остыть перед подачей.",основное,Гречневая крупа
21,Гречневая каша с медом и фруктами,"Гречневая крупа – 40 г
Вода или молоко (коровье, миндальное или другое) – 200 мл
Мед – 1 ч. ложка (или по вкусу)
Фрукты (яблоко, груша, банан, ягоды) – 50-70 г (нарезанные)
Соль – по вкусу (по желанию)","В небольшой кастрюле доведите воду или молоко до кипения.
Добавьте гречневую крупу в кипящую жидкость. Уменьшите огонь до минимума и варите под крышкой 15-20 минут, пока гречка не станет мягкой и жидкость не впитается. Если жидкость полностью впиталась, но гречка еще твердая, добавьте немного жидкости и продолжайте варить до готовности.
Снимите кастрюлю с огня. Если хотите, добавьте немного соли по вкусу.
Вмешайте мед в горячую кашу.
Если используете твердые фрукты (например, яблоки или груши), их можно добавить в кашу за 5 минут до окончания варки, чтобы они немного размягчились.
Если используете мягкие фрукты (например, банан), нарежьте их и добавьте в готовую кашу. Ягоды можно добавить в самую последнюю очередь.
Переложите кашу в тарелку и дайте немного остыть перед подачей.",основное,Гречневая крупа
22,Гречневая каша с медом и ягодами,"Гречневая крупа – 40 г
Вода или молоко (коровье, миндальное или другое) – 200 мл
Мед – 1 ч. ложка (или по вкусу)
Ягоды (малина, черника, клубника и т.д.) – 50-70 г (по вашему выбору, свежие или замороженные)
Соль – по вкусу (по желанию)","В небольшой кастрюле доведите воду или молоко до кипения.
Добавьте гречневую крупу в кипящую жидкость. Уменьшите огонь до минимума и варите под крышкой 15-20 минут, пока гречка не станет мягкой и жидкость не впитается. Если жидкость полностью впиталась, но гречка еще твердая, добавьте немного жидкости и продолжайте варить до готовности.
Снимите кастрюлю с огня. Если хотите, добавьте немного соли по вкусу.
Вмешайте мед в горячую кашу.
Если используете свежие ягоды, просто добавьте их в готовую кашу.
Если используете замороженные ягоды, их можно добавить в кашу за 2-3 минуты до окончания варки, чтобы они немного размякли и прогрелись.
Переложите кашу в тарелку и дайте немного остыть перед подачей.",основное,Гречневая крупа
23,Гречневая каша с добавлением семян,"Гречневая крупа – 50 г
Вода – 200 мл
Семена льна, тыквы, подсолнечника или чиа – 1 ст. ложка (можно смешать несколько видов)
Соль – по вкусу (по желанию)
Мед – 1 ч. ложка (по желанию)","В небольшой кастрюле доведите воду до кипения.
Добавьте гречневую крупу в кипящую воду, уменьшите огонь до минимума и варите под крышкой около 15 минут, пока гречка не станет мягкой и жидкость не впитается.
Когда гречка будет готова, добавьте в кашу семена льна, тыквы, подсолнечника или чиа. Тщательно перемешайте, чтобы семена равномерно распределились по каше.
Если хотите, добавьте соль по вкусу или мед для сладости.
Переложите кашу в тарелку.",основное,Гречневая крупа
24,Гречневая каша с овощами,"Гречневая крупа – 40 г
Вода – 200 мл
Морковь – 1 маленькая (или 30 г, нарезанная мелкими кубиками)
Брокколи – 50 г (разделенная на маленькие соцветия)
Кабачок – 1/4 среднего (или 30 г, нарезанный мелкими кубиками)
Соль – по вкусу (по желанию)
Оливковое масло – 1 ч. ложка (по желанию для обжаривания овощей)","В небольшой сковороде разогрейте оливковое масло (если используете). Добавьте нарезанную морковь и обжаривайте на среднем огне 3-4 минуты.
Добавьте нарезанный кабачок и продолжайте обжаривать еще 2-3 минуты.
Добавьте брокколи и готовьте еще 2-3 минуты, пока овощи не станут мягкими. В случае необходимости добавьте немного воды, чтобы овощи не подгорели.
В небольшой кастрюле доведите воду до кипения.
Добавьте гречневую крупу в кипящую воду и варите на медленном огне 15-20 минут, пока гречка не станет мягкой и вода не впитается. Если вода полностью впиталась, но гречка еще твердая, добавьте немного воды и продолжайте варить до готовности.
Снимите кастрюлю с гречневой крупой с огня. Если используете соль, добавьте ее по вкусу.
Перемешайте готовую гречневую кашу с обжаренными овощами.
Переложите кашу в тарелку и дайте немного остыть перед подачей.",основное,Гречневая крупа
25,Гречневая каша с пряностями,"Гречневая крупа – 50 г
Вода – 200 мл
Куркума – 1/4 ч. ложки
Кориандр молотый – 1/4 ч. ложки
Зира (кумин) – 1/4 ч. ложки
Имбирь молотый – 1/4 ч. ложки (по желанию)
Соль – по вкусу (по желанию)
Свежая зелень (петрушка, кинза) – по вкусу (для украшения)","В небольшой кастрюле доведите воду до кипения.
Добавьте гречневую крупу в кипящую воду, уменьшите огонь до минимума и варите под крышкой около 15 минут, пока гречка не станет мягкой и жидкость не впитается.
Когда гречка будет готова, добавьте в кастрюлю куркуму, кориандр, зиру и молотый имбирь (если используете).
Хорошо перемешайте, чтобы пряности равномерно распределились по каше.
Если хотите, добавьте соль по вкусу.
Переложите кашу в тарелку.
Украсьте блюдо свежей зеленью перед подачей.",основное,Гречневая крупа
26,Гречневые блины,"Гречневая мука – 40 г
Молоко (коровье, миндальное или другое) – 100 мл
Яйцо – 1 (по желанию, для связки)
Разрыхлитель теста – 1/4 ч. ложки (по желанию)
Мед или кленовый сироп – 1 ч. ложка (по желанию, для сладости)
Соль – по вкусу (по желанию)
Оливковое масло – для смазывания сковороды (по желанию)","В глубокой миске объедините гречневую муку и, если используете, разрыхлитель теста и соль.
В другой миске взбейте яйцо (если используете) и добавьте молоко. Перемешайте.
Постепенно добавляйте жидкую смесь к сухим ингредиентам, тщательно перемешивая до получения однородного теста. Если тесто слишком густое, добавьте немного молока.
Разогрейте сковороду на среднем огне. Если используете оливковое масло, смажьте сковороду тонким слоем.
Вылейте небольшое количество теста на сковороду, распределите его круговыми движениями. Готовьте блины до появления пузырьков на поверхности и золотистой корочки, примерно 1-2 минуты с каждой стороны.
Переложите готовые блины на тарелку. Если хотите, подавайте с медом, кленовым сиропом или другими мягкими добавками, подходящими для вашего рациона.",основное,Гречневая крупа
27,Гречневые оладьи,"Гречневая крупа – 40 г
Вода или молоко (коровье, миндальное или другое) – 100 мл
Яйцо – 1 (по желанию, для связки)
Разрыхлитель теста – 1/2 ч. ложки (по желанию)
Мед или кленовый сироп – 1 ч. ложка (по желанию, для сладости)
Соль – по вкусу (по желанию)
Оливковое масло – для смазывания сковороды (по желанию)","В небольшой кастрюле доведите воду или молоко до кипения.
Добавьте гречневую крупу в кипящую жидкость и варите 10-15 минут, пока гречка не станет мягкой и жидкость не впитается. Дайте немного остыть.
В глубокой миске объедините вареную гречневую крупу, яйцо (если используете) и тщательно перемешайте. Если не используете яйцо, просто перемешайте гречневую массу.
Добавьте разрыхлитель теста, если используете, и при необходимости добавьте соль и мед или кленовый сироп для сладости.
Разогрейте сковороду на среднем огне. Если используете оливковое масло, смажьте сковороду тонким слоем.
Вылейте ложкой тесто на сковороду, формируя небольшие оладьи. Обжаривайте их с обеих сторон по 2-3 минуты, до золотистой корочки.
Переложите оладьи на тарелку и дайте немного остыть перед подачей.",основное,Гречневая крупа
28,Гречневый пудинг,"Гречневая крупа – 40 г
Вода или молоко (коровье, миндальное или другое) – 200 мл
Мед или кленовый сироп – 1 ч. ложка (или по вкусу)
Ванильный экстракт – 1/4 ч. ложки (по желанию)
Ягоды или нарезанные фрукты – 30-50 г (по желанию)","В небольшой кастрюле доведите воду или молоко до кипения.
Добавьте гречневую крупу в кипящую жидкость и варите на медленном огне 15-20 минут, пока гречка не станет мягкой и жидкость не впитается. Если жидкость полностью впиталась, но гречка еще твердая, добавьте немного воды или молока и продолжайте варить до готовности.
Снимите кастрюлю с огня.
Добавьте мед или кленовый сироп и ванильный экстракт (если используете). Хорошо перемешайте.
Переложите гречневую массу в миску или контейнер и дайте немного остыть. Пудинг загустеет по мере остывания.
Если используете ягоды или нарезанные фрукты, добавьте их в остывший пудинг перед подачей или перемешайте их в пудинг сразу после того, как он немного остынет.
Переложите пудинг в тарелку или контейнер и дайте ему полностью остыть перед подачей.",основное,Гречневая крупа
29,Гречневая запеканка,"Гречневая крупа – 40 г
Вода или молоко (коровье, миндальное или другое) – 200 мл
Яйцо – 1 (по желанию, для связки)
Мед или кленовый сироп – 1 ч. ложка (по желанию, для сладости)
Ягоды или нарезанные фрукты – 50 г (по желанию)
Ванильный экстракт – 1/4 ч. ложки (по желанию)
Разрыхлитель теста – 1/2 ч. ложки (по желанию)
Соль – по вкусу (по желанию)","В небольшой кастрюле доведите воду или молоко до кипения.
Добавьте гречневую крупу в кипящую жидкость. Уменьшите огонь до минимума и варите 15-20 минут, пока гречка не станет мягкой и жидкость не впитается. Дайте немного остыть.
Разогрейте духовку до 180°C.
В глубокой миске объедините приготовленную гречневую крупу, яйцо (если используете), мед или кленовый сироп, ванильный экстракт (если используете) и, если используете, разрыхлитель теста и соль.
Хорошо перемешайте до получения однородной массы.
Добавьте ягоды или нарезанные фрукты в смесь, если используете.
Переложите смесь в небольшую форму для запеканки, смазанную маслом или выложенную пергаментной бумагой.
Выпекайте в разогретой духовке около 25-30 минут, пока запеканка не станет золотистой и не будет полностью пропеченной. Проверяйте готовность с помощью зубочистки — она должна выйти чистой.
Дайте запеканке немного остыть перед нарезкой и подачей.",основное,Гречневая крупа
30,Булгурная каша с медом и орехами,"Булгур – 40 г
Вода или молоко (коровье, миндальное или другое) – 200 мл
Мед – 1 ч. ложка (или по вкусу)
Орехи (грецкие, миндаль, кешью и т.д.) – 20 г (измельченные)
Соль – по вкусу (по желанию)","В небольшой кастрюле доведите воду или молоко до кипения.
Добавьте булгур в кипящую жидкость, уменьшите огонь до минимума и варите под крышкой около 10-12 минут, пока булгур не станет мягким и жидкость не впитается. Если жидкость впиталась, но булгур еще твердый, добавьте немного воды или молока и продолжайте варить до готовности.
Снимите кастрюлю с огня. Если хотите, добавьте немного соли по вкусу.
Вмешайте мед в горячую кашу до полного растворения.
Измельчите орехи и добавьте их в готовую кашу. Вы можете перемешать орехи с кашей или посыпать их сверху.
Переложите кашу в тарелку и дайте немного остыть перед подачей.",основное,Булгур
31,Булгурная каша с медом и фруктами,"Булгур – 40 г
Вода или молоко (коровье, миндальное или другое) – 200 мл
Мед – 1 ч. ложка (или по вкусу)
Фрукты (например, яблоко, груша, банан) – 50 г (нарезанные кубиками)
Соль – по вкусу (по желанию)","В небольшой кастрюле доведите воду или молоко до кипения.
Добавьте булгур в кипящую жидкость, уменьшите огонь до минимума и варите под крышкой около 10-12 минут, пока булгур не станет мягким и жидкость не впитается. Если жидкость впиталась, но булгур еще твердый, добавьте немного воды или молока и продолжайте варить до готовности.
Снимите кастрюлю с огня. Если хотите, добавьте немного соли по вкусу.
Вмешайте мед в горячую кашу до полного растворения.
Нарежьте фрукты небольшими кубиками.
Добавьте нарезанные фрукты в горячую кашу и аккуратно перемешайте.
Переложите кашу в тарелку и дайте немного остыть перед подачей.",основное,Булгур
32,Булгурная каша с медом и ягодами,"Булгур – 40 г
Вода или молоко (коровье, миндальное или другое) – 200 мл
Мед – 1 ч. ложка (или по вкусу)
Ягоды (например, малина, черника, клубника) – 50 г
Соль – по вкусу (по желанию)","В небольшой кастрюле доведите воду или молоко до кипения.
Добавьте булгур в кипящую жидкость, уменьшите огонь до минимума и варите под крышкой около 10-12 минут, пока булгур не станет мягким и жидкость не впитается. Если жидкость впиталась, но булгур еще твердый, добавьте немного воды или молока и продолжайте варить до готовности.
Снимите кастрюлю с огня. Если хотите, добавьте немного соли по вкусу.
Вмешайте мед в горячую кашу до полного растворения.
Выложите свежие ягоды в горячую кашу и аккуратно перемешайте, чтобы сохранить их целостность.
Переложите кашу в тарелку и дайте немного остыть перед подачей.",основное,Булгур
33,Булгурная каша с добавлением семян,"Булгур – 40 г
Вода или молоко (коровье, миндальное или другое) – 200 мл
Семена льна, тыквы, подсолнечника или чиа – 1 ст. ложка (можно смешать несколько видов)
Мед – 1 ч. ложка (или по вкусу)
Соль – по вкусу (по желанию)","В небольшой кастрюле доведите воду или молоко до кипения.
Добавьте булгур в кипящую жидкость, уменьшите огонь до минимума и варите под крышкой около 10-12 минут, пока булгур не станет мягким и жидкость не впитается. Если жидкость впиталась, но булгур еще твердый, добавьте немного воды или молока и продолжайте варить до готовности.
Снимите кастрюлю с огня. Если хотите, добавьте немного соли по вкусу.
Вмешайте мед в горячую кашу до полного растворения.
Добавьте семена льна, тыквы, подсолнечника или чиа в кашу и тщательно перемешайте.
Переложите кашу в тарелку и дайте немного остыть перед подачей.",основное,Булгур
34,Булгурная каша с овощами,"Булгур – 40 г
Вода – 200 мл
Морковь – 30 г (1/4 средней моркови)
Болгарский перец – 30 г (1/4 небольшого перца)
Цукини или кабачок – 30 г (небольшой кусочек)
Лук – 20 г (1/4 небольшой луковицы)
Соль – по вкусу (по желанию)
Зелень (петрушка, укроп) – по вкусу (по желанию)","Нарежьте морковь, болгарский перец, цукини и лук небольшими кубиками.
В небольшой кастрюле доведите воду до кипения.
Добавьте булгур в кипящую воду, уменьшите огонь до минимума и варите под крышкой около 10-12 минут, пока булгур не станет мягким и жидкость не впитается.
В сковороде на среднем огне слегка припустите лук до прозрачности (если готовите без масла, добавьте немного воды).
Добавьте нарезанную морковь и тушите 3-4 минуты.
Затем добавьте болгарский перец и цукини, тушите еще 5-7 минут, пока овощи не станут мягкими, но сохранят форму.
Когда булгур будет готов, добавьте его в сковороду с овощами и тщательно перемешайте. Добавьте соль по вкусу, если используете.
Прогрейте все вместе еще 2-3 минуты, чтобы булгур впитал ароматы овощей.
Переложите кашу с овощами в тарелку, при желании украсьте свежей зеленью.",основное,Булгур
35,Булгурная каша с пряностями,"Булгур – 40 г
Вода – 200 мл
Куркума – 1/4 ч. ложки
Кориандр молотый – 1/4 ч. ложки
Зира (кумин) – 1/4 ч. ложки
Имбирь молотый – 1/4 ч. ложки (по желанию)
Соль – по вкусу (по желанию)
Свежая зелень (петрушка, кинза) – по вкусу (для украшения)","В небольшой кастрюле доведите воду до кипения.
Добавьте булгур в кипящую воду, уменьшите огонь до минимума и варите под крышкой около 10-12 минут, пока булгур не станет мягким и жидкость не впитается.
Когда булгур будет готов, добавьте в кастрюлю куркуму, кориандр, зиру и молотый имбирь (если используете).
Хорошо перемешайте, чтобы пряности равномерно распределились по каше.
Если хотите, добавьте соль по вкусу.
Переложите кашу в тарелку.
Украсьте блюдо свежей зеленью перед подачей.",основное,Булгур
36,Булгурные блины,"Мука из булгура – 50 г
Яйцо – 1 шт.
Молоко (коровье, миндальное или другое) – 70 мл
Вода – 30 мл (для регулировки консистенции)
Разрыхлитель – 1/4 ч. ложки
Мед – 1 ч. ложка (по желанию)
Соль – щепотка (по желанию)
Растительное масло – 1/2 ч. ложки (для смазывания сковороды)","В миске взбейте яйцо с молоком и медом (если используете).
Постепенно добавьте муку из булгура, разрыхлитель и соль, тщательно перемешивая до получения однородного теста.
Если тесто получилось слишком густым, добавьте немного воды, чтобы достичь нужной консистенции (тесто должно быть жидким, как для обычных блинов).
Разогрейте сковороду на среднем огне и слегка смажьте её растительным маслом.
Вылейте небольшое количество теста на сковороду и равномерно распределите его, вращая сковороду, чтобы сформировать тонкий блин.
Жарьте блин 1-2 минуты с одной стороны, затем переверните и жарьте ещё 1 минуту с другой стороны, пока он не станет золотистым.
Подавайте блины тёплыми. Их можно подавать с медом, нежирным йогуртом или свежими ягодами.",основное,Булгур
37,Булгурные оладьи,"Мука из булгура – 50 г
Яйцо – 1 шт.
Молоко (коровье, миндальное или другое) – 50 мл
Вода – 30 мл (для регулировки консистенции)
Разрыхлитель – 1/4 ч. ложки
Мед – 1 ч. ложка (по желанию)
Соль – щепотка (по желанию)
Растительное масло – 1/2 ч. ложки (для смазывания сковороды)","В миске взбейте яйцо с молоком и медом (если используете).
Постепенно добавьте муку из булгура, разрыхлитель и соль, тщательно перемешивая до получения однородного теста.
Если тесто получилось слишком густым, добавьте немного воды, чтобы достичь нужной консистенции (тесто должно быть немного гуще, чем для блинов).
Разогрейте сковороду на среднем огне и слегка смажьте её растительным маслом.
Выложите столовой ложкой небольшие порции теста на сковороду, формируя оладьи.
Жарьте оладьи по 2-3 минуты с каждой стороны, пока они не станут золотистыми и пышными.
Подавайте оладьи тёплыми. Их можно украсить свежими ягодами, медом или нежирным йогуртом.",основное,Булгур
38,Булгурный пудинг,"Булгур – 40 г
Молоко (коровье, миндальное или другое) – 200 мл
Мед – 1 ч. ложка (или по вкусу)
Ванильный экстракт – 1/2 ч. ложки (по желанию)
Семена чиа – 1 ч. ложка (по желанию, для дополнительной текстуры и питательных веществ)
Соль – по вкусу (по желанию)","В небольшой кастрюле доведите молоко до кипения.
Добавьте булгур в кипящее молоко, уменьшите огонь до минимума и варите под крышкой около 15 минут, пока булгур не станет мягким и жидкость не впитается.
Снимите кастрюлю с огня. Если используете, добавьте мед и ванильный экстракт, хорошо перемешайте до полного растворения меда.
Если добавляете семена чиа, перемешайте их в каше и оставьте на 5-10 минут, чтобы семена набухли и пудинг стал густым.
Переложите пудинг в порционные чашки или тарелки.
Дайте пудингу немного остыть и загустеть перед подачей. Можно охладить в холодильнике для достижения лучшего вкуса и текстуры.
Примечание: Пудинг можно украсить свежими ягодами или нарезанными фруктами перед подачей, если они хорошо переносятся и не вызывают дискомфорта.",основное,Булгур
39,Булгурная запеканка,"Булгур – 50 г
Вода – 200 мл
Яйцо – 1 шт.
Молоко (коровье, миндальное или другое) – 100 мл
Сыр нежирный (например, творожный или рикотта) – 50 г
Лук – 20 г (1/4 небольшой луковицы)
Морковь – 30 г (1/4 средней моркови)
Свежая зелень (петрушка, укроп) – по вкусу
Соль – по вкусу (по желанию)
Перец черный молотый – по вкусу (по желанию)
Растительное масло – 1 ч. ложка (для смазывания формы, можно использовать антипригарную форму)","В небольшой кастрюле доведите воду до кипения.
Добавьте булгур в кипящую воду, уменьшите огонь до минимума и варите под крышкой около 10-12 минут, пока булгур не станет мягким и жидкость не впитается. Дайте булгуру немного остыть.
Мелко нарежьте лук и натрите морковь на терке.
В сковороде на среднем огне припустите лук до прозрачности. Затем добавьте морковь и готовьте еще 5 минут, пока морковь не станет мягкой.
В глубокой миске смешайте остывший булгур, припущенные овощи, яйцо, молоко и сыр. Хорошо перемешайте.
Добавьте соль, перец и свежую зелень по вкусу.
Разогрейте духовку до 180°C.
Смазать форму для запеканки растительным маслом (если не используете антипригарную форму).
Переложите смесь в форму и разровняйте поверхность.
Выпекайте запеканку в разогретой духовке 25-30 минут, пока она не станет золотистой и полностью пропеченной.
Дайте запеканке немного остыть перед нарезкой.
Подавайте теплой или комнатной температуры.",основное,Булгур
40,Коричневый рис с медом и орехами,"Коричневый рис – 50 г
Вода или молоко (коровье, миндальное или другое) – 200 мл
Мед – 1 ч. ложка
Орехи (миндаль, грецкие орехи, фундук) – 10-15 г
Соль – по вкусу (по желанию)","Промойте коричневый рис под холодной водой.
В небольшой кастрюле доведите воду или молоко до кипения.
Добавьте рис в кипящую жидкость, уменьшите огонь до минимума, накройте крышкой и варите 30-35 минут, пока рис не станет мягким и вся жидкость не впитается. Если используете молоко, перемешивайте рис время от времени, чтобы избежать пригорания.
Пока рис готовится, измельчите орехи на небольшие кусочки. Можно слегка обжарить их на сухой сковороде для усиления вкуса, но это необязательно.
Когда рис будет готов, снимите кастрюлю с огня.
Добавьте мед в горячий рис и хорошо перемешайте до полного растворения меда.
Добавьте измельченные орехи и снова перемешайте, чтобы они равномерно распределились по рису.
Переложите рис в тарелку и подавайте теплым.",основное,Коричневый рис
41,Коричневый рис с медом и фруктами,"Коричневый рис – 50 г
Вода или молоко (коровье, миндальное или другое) – 200 мл
Мед – 1 ч. ложка
Фрукты (яблоко, груша, банан) – 50 г (около половины одного фрукта)
Соль – по вкусу (по желанию)","Промойте коричневый рис под холодной водой.
В небольшой кастрюле доведите воду или молоко до кипения.
Добавьте рис в кипящую жидкость, уменьшите огонь до минимума, накройте крышкой и варите 30-35 минут, пока рис не станет мягким и вся жидкость не впитается. Если используете молоко, перемешивайте рис время от времени, чтобы избежать пригорания.
Вымойте и нарежьте фрукты небольшими кубиками. Если используете банан, его можно просто нарезать кружочками.
Когда рис будет готов, снимите кастрюлю с огня.
Добавьте мед в горячий рис и хорошо перемешайте до полного растворения меда.
Добавьте нарезанные фрукты и осторожно перемешайте, чтобы они равномерно распределились по рису.
Переложите рис с фруктами в тарелку и подавайте теплым.",основное,Коричневый рис
42,Коричневый рис с медом и ягодами,"Коричневый рис – 50 г
Вода или молоко (коровье, миндальное или другое) – 200 мл
Мед – 1 ч. ложка
Ягоды (черника, малина, клубника) – 50 г
Соль – по вкусу (по желанию)","
Промойте коричневый рис под холодной водой.
В небольшой кастрюле доведите воду или молоко до кипения.
Добавьте рис в кипящую жидкость, уменьшите огонь до минимума, накройте крышкой и варите 30-35 минут, пока рис не станет мягким и вся жидкость не впитается. Если используете молоко, перемешивайте рис время от времени, чтобы избежать пригорания.
Вымойте ягоды и, если необходимо, нарежьте крупные ягоды (например, клубнику) на более мелкие кусочки.
Когда рис будет готов, снимите кастрюлю с огня.
Добавьте мед в горячий рис и хорошо перемешайте до полного растворения меда.
Добавьте ягоды и аккуратно перемешайте, чтобы они равномерно распределились по рису.
Переложите рис с ягодами в тарелку и подавайте теплым.",основное,Коричневый рис
43,Коричневый рис с добавлением семян,"Коричневый рис – 50 г
Вода – 200 мл
Семена льна, тыквы или чиа – 1 ст. ложка (можно использовать смесь семян)
Соль – по вкусу (по желанию)
","Промойте коричневый рис под холодной водой.
В небольшой кастрюле доведите воду до кипения.
Добавьте рис в кипящую воду, уменьшите огонь до минимума, накройте крышкой и варите 30-35 минут, пока рис не станет мягким и вся вода не впитается.
Если используете семена льна или чиа, их можно добавить в рис сразу после его приготовления.
Если используете тыквенные семечки, их можно слегка обжарить на сухой сковороде на среднем огне в течение 2-3 минут, чтобы усилить вкус.
Когда рис будет готов, снимите кастрюлю с огня.
Добавьте семена к готовому рису и хорошо перемешайте.
При необходимости добавьте соль по вкусу.
Переложите рис с семенами в тарелку и подавайте теплым.",основное,Коричневый рис
44,Коричневый рис с овощами,"Коричневый рис – 50 г
Вода – 200 мл
Морковь – 30 г (половина небольшой моркови)
Болгарский перец – 30 г (четверть перца)
Кабачок – 30 г
Брокколи – 30 г (2-3 небольших соцветия)
Соль – по вкусу
Петрушка или укроп (свежие, нарезанные) – 1 ст. ложка","Промойте коричневый рис под холодной водой.
В небольшой кастрюле доведите воду до кипения.
Добавьте рис в кипящую воду, уменьшите огонь до минимума, накройте крышкой и варите 30-35 минут, пока рис не станет мягким и вся вода не впитается.
Пока рис готовится, вымойте и нарежьте морковь, болгарский перец, кабачок и брокколи небольшими кусочками.
На среднем огне слегка припустите овощи в отдельной сковороде с небольшим количеством воды (50 мл) в течение 5-7 минут, пока они не станут мягкими.
Когда рис будет готов, добавьте его к припущенным овощам и перемешайте.
Добавьте соль по вкусу и продолжайте готовить на среднем огне еще 2-3 минуты, чтобы все ингредиенты хорошо прогрелись и соединились.
Переложите готовый рис с овощами в тарелку.
Посыпьте свежей нарезанной петрушкой или укропом и подавайте теплым.",основное,Коричневый рис
45,Коричневый рис с пряностями,"Коричневый рис – 50 г
Вода – 200 мл
Корица – 1/4 ч. ложки
Куркума – 1/4 ч. ложки
Имбирь (свежий, тертый) – 1/2 ч. ложки или щепотка сушеного
Кардамон (молотый) – 1 щепотка
Соль – по вкусу (по желанию)","Промойте коричневый рис под холодной водой.
В небольшой кастрюле доведите воду до кипения.
Добавьте рис в кипящую воду, уменьшите огонь до минимума, накройте крышкой и варите 30-35 минут, пока рис не станет мягким и вся вода не впитается.
В процессе варки риса, примерно за 10 минут до окончания приготовления, добавьте в кастрюлю корицу, куркуму, тертый имбирь и кардамон.
Тщательно перемешайте, чтобы пряности равномерно распределились по рису.
Когда рис полностью приготовится и вся вода впитается, снимите кастрюлю с огня.
При необходимости добавьте соль по вкусу и аккуратно перемешайте.
Переложите пряный коричневый рис в тарелку и подавайте теплым.",основное,Коричневый рис
46,Блины из коричневого риса,"Мука из коричневого риса – 50 г
Яйцо – 1 шт.
Молоко (коровье, миндальное или другое) – 100 мл
Вода – 50 мл (если нужно для регулировки консистенции)
Мед – 1 ч. ложка (по желанию)
Соль – щепотка (по желанию)
Растительное масло – 1/2 ч. ложки (для смазывания сковороды)","В миске взбейте яйцо с молоком и медом.
Постепенно добавьте муку из коричневого риса, продолжая взбивать до однородного состояния.
Добавьте соль по вкусу.
Если тесто получилось слишком густым, добавьте немного воды, чтобы достичь нужной консистенции (тесто должно быть как жидкая сметана).
Разогрейте сковороду на среднем огне и слегка смажьте её растительным маслом.
Вылейте небольшое количество теста на сковороду и распределите его тонким слоем, поворачивая сковороду.
Жарьте блины по 1-2 минуты с каждой стороны, пока они не станут золотистыми.
Подавайте блины теплыми, можно с медом, ягодами или нежирным йогуртом.",основное,Коричневый рис
47,Оладьи из коричневого риса,"Мука из коричневого риса – 50 г
Яйцо – 1 шт.
Молоко (коровье, миндальное или другое) – 50 мл
Вода – 30 мл (для регулировки консистенции)
Разрыхлитель – 1/4 ч. ложки
Мед – 1 ч. ложка (по желанию)
Соль – щепотка (по желанию)
Растительное масло – 1/2 ч. ложки (для смазывания сковороды)","В миске взбейте яйцо с молоком и медом (если используете).
Постепенно добавьте муку из коричневого риса, разрыхлитель и соль, тщательно перемешивая до получения однородного теста.
Если тесто получилось слишком густым, добавьте немного воды, чтобы достичь нужной консистенции (тесто должно быть немного гуще, чем для блинов).
Разогрейте сковороду на среднем огне и слегка смажьте её растительным маслом.
Выложите столовой ложкой небольшие порции теста на сковороду, формируя оладьи.
Жарьте оладьи по 2-3 минуты с каждой стороны, пока они не станут золотистыми и пышными.
Подавайте оладьи теплыми. Их можно украсить свежими ягодами, медом или нежирным йогуртом.",основное,Коричневый рис
48,Пудинг из коричневого риса,"Коричневый рис (варёный) – 50 г
Молоко (коровье, миндальное или другое) – 100 мл
Вода – 50 мл (если нужно для регулировки консистенции)
Мед – 1 ч. ложка (или по вкусу)
Ванильный экстракт – 1/4 ч. ложки (по желанию)
Ягоды или фрукты – для украшения","Если рис не приготовлен заранее, сварите его до готовности. Промойте 50 г коричневого риса и варите его в 200 мл воды на слабом огне, пока вода полностью не впитается (около 30-35 минут). Дайте рису немного остыть.
В кастрюле смешайте варёный коричневый рис, молоко и воду (если нужно для регулировки густоты).
Добавьте мед и ванильный экстракт (если используете).
Готовьте на среднем огне, помешивая, до загустения смеси (примерно 10-15 минут). Если пудинг слишком густой, можно добавить немного воды или молока для достижения нужной консистенции.
Перелейте пудинг в сервировочную посуду и дайте ему немного остыть.
Украсьте ягодами или нарезанными фруктами по вкусу.",основное,Коричневый рис
49,Запеканка из коричневого риса,"Коричневый рис (варёный) – 100 г
Молоко (коровье, миндальное или другое) – 100 мл
Яйцо – 1 шт.
Мед – 1 ч. ложка (по желанию)
Ванильный экстракт – 1/4 ч. ложки (по желанию)
Соль – щепотка (по желанию)
Сухофрукты (например, изюм или курага) – 1 ст. ложка (по желанию)
Ягоды или нарезанные фрукты – для украшения","Если коричневый рис не варен заранее, сварите его до готовности. Промойте 100 г коричневого риса и варите в 400 мл воды до полной готовности и впитывания воды (около 30-35 минут). Оставьте рис остывать.
Разогрейте духовку до 180°C.
В миске взбейте яйцо с молоком, медом и ванильным экстрактом (если используете). Добавьте щепотку соли, если хотите.
Вмешайте в смесь варёный коричневый рис и, если используете, добавьте сухофрукты.
Перелейте смесь в небольшую форму для запеканки, предварительно смазанную растительным маслом или выстланную бумагой для выпечки.
Разровняйте поверхность и поместите в разогретую духовку.
Выпекайте 25-30 минут, пока запеканка не станет золотистой и не схватится.
Дайте запеканке немного остыть перед нарезанием.
Подавайте тёплой, украшенной ягодами или нарезанными фруктами по желанию.",основное,Коричневый рис
50,Омлет с брокколи и шпинатом,"Яйцо – 2 шт.
Молоко (коровье, миндальное или другое) – 30 мл
Брокколи – 50 г
Шпинат – 20 г
Соль – щепотка (по желанию)
Растительное масло – 1/2 ч. ложки (для смазывания сковороды)","Брокколи разберите на мелкие соцветия.
Опустите соцветия в кипящую воду и варите 2-3 минуты, затем слейте воду.
Шпинат промойте, обсушите и, если листья крупные, нарежьте их.
В миске взбейте яйца с молоком и добавьте щепотку соли (по желанию).
Разогрейте сковороду на среднем огне и слегка смажьте её растительным маслом.
Выложите подготовленные брокколи и шпинат на сковороду.
Залейте овощи яичной смесью.
Готовьте омлет на слабом огне под крышкой 5-7 минут, пока яйца не схватятся и омлет не станет плотным.
Омлет подавайте горячим. Его можно дополнить легким салатом из свежих овощей.",основное,Яйца
51,Омлет с кабачками и помидорами,"Яйцо – 2 шт.
Молоко (коровье, миндальное или другое) – 30 мл
Кабачок – 50 г
Помидор – 1/2 шт.
Соль – щепотка (по желанию)
Растительное масло – 1/2 ч. ложки (для смазывания сковороды)","Кабачок нарежьте тонкими кружочками или полукружочками.
Помидор нарежьте мелкими кубиками.
В миске взбейте яйца с молоком и добавьте щепотку соли (по желанию).
Разогрейте сковороду на среднем огне и слегка смажьте её растительным маслом.
Выложите на сковороду нарезанные кабачки и обжарьте их 2-3 минуты, пока они не станут мягкими.
Добавьте к кабачкам нарезанные помидоры и готовьте ещё 1-2 минуты, пока помидоры не станут мягкими.
Залейте овощи яичной смесью.
Готовьте омлет на слабом огне под крышкой 5-7 минут, пока яйца не схватятся и омлет не станет плотным.
Подавайте омлет горячим. Он отлично сочетается с легким салатом или зеленью.",основное,Яйца
52,Омлет с овощами,"Яйцо – 2 шт.
Молоко (коровье, миндальное или другое) – 30 мл
Болгарский перец – 1/4 шт.
Томаты – 1/2 шт.
Шпинат – 1 горсть (примерно 20 г)
Зелень (петрушка, укроп) – по вкусу
Соль – щепотка (по желанию)
Растительное масло – 1/2 ч. ложки (для смазывания сковороды)","Болгарский перец нарежьте мелкими кубиками.
Томаты нарежьте небольшими кусочками.
Шпинат и зелень мелко порубите.
В миске взбейте яйца с молоком до однородной массы. Добавьте соль по вкусу.
Разогрейте сковороду на среднем огне и слегка смажьте её растительным маслом.
Добавьте на сковороду нарезанные овощи (болгарский перец, томаты, шпинат) и обжаривайте их около 2-3 минут, пока они не станут мягкими.
Вылейте яичную смесь на сковороду, распределяя её равномерно по поверхности овощей.
Готовьте омлет на слабом огне, накрыв крышкой, около 5-7 минут, пока он не схватится.
Аккуратно переложите омлет на тарелку и посыпьте свежей зеленью перед подачей.",основное,Яйца
53,Омлет с брокколи и шпинатом,"Яйцо – 2 шт.
Молоко (коровье, миндальное или другое) – 30 мл
Брокколи – 50 г
Шпинат – 20 г
Соль – щепотка (по желанию)
Растительное масло – 1/2 ч. ложки (для смазывания сковороды)","Брокколи разберите на мелкие соцветия.
Опустите соцветия в кипящую воду и варите 2-3 минуты, затем слейте воду.
Шпинат промойте, обсушите и, если листья крупные, нарежьте их.
В миске взбейте яйца с молоком и добавьте щепотку соли (по желанию).
Разогрейте сковороду на среднем огне и слегка смажьте её растительным маслом.
Выложите подготовленные брокколи и шпинат на сковороду.
Залейте овощи яичной смесью.
Готовьте омлет на слабом огне под крышкой 5-7 минут, пока яйца не схватятся и омлет не станет плотным.
Омлет подавайте горячим. Его можно дополнить легким салатом из свежих овощей.",основное,Яйца
54,Омлет с кабачками и помидорами,"Яйцо – 2 шт.
Молоко (коровье, миндальное или другое) – 30 мл
Кабачок – 50 г
Помидор – 1/2 шт.
Соль – щепотка (по желанию)
Растительное масло – 1/2 ч. ложки (для смазывания сковороды)","Кабачок нарежьте тонкими кружочками или полукружочками.
Помидор нарежьте мелкими кубиками.
В миске взбейте яйца с молоком и добавьте щепотку соли (по желанию).
Разогрейте сковороду на среднем огне и слегка смажьте её растительным маслом.
Выложите на сковороду нарезанные кабачки и обжарьте их 2-3 минуты, пока они не станут мягкими.
Добавьте к кабачкам нарезанные помидоры и готовьте ещё 1-2 минуты, пока помидоры не станут мягкими.
Залейте овощи яичной смесью.
Готовьте омлет на слабом огне под крышкой 5-7 минут, пока яйца не схватятся и омлет не станет плотным.
Подавайте омлет горячим. Он отлично сочетается с легким салатом или зеленью.",основное,Яйца
55,Омлет с болгарским перцем и зеленью,"Яйцо – 2 шт.
Молоко (коровье, миндальное или другое) – 30 мл
Болгарский перец – 1/2 шт.
Зелень (петрушка, укроп, шпинат) – 10 г
Соль – щепотка (по желанию)
Растительное масло – 1/2 ч. ложки (для смазывания сковороды)","Болгарский перец нарежьте тонкими полосками или кубиками.
Зелень мелко нарежьте.
В миске взбейте яйца с молоком и добавьте щепотку соли (по желанию).
Разогрейте сковороду на среднем огне и слегка смажьте её растительным маслом.
Выложите на сковороду нарезанный болгарский перец и обжарьте его 2-3 минуты, пока он не станет мягким.
Добавьте к перцу нарезанную зелень и слегка перемешайте.
Залейте овощи и зелень яичной смесью.
Готовьте омлет на слабом огне под крышкой 5-7 минут, пока яйца не схватятся и омлет не станет плотным.
Подавайте омлет горячим. Он хорошо сочетается с ломтиком цельнозернового хлеба или легким овощным салатом.",основное,Яйца
56,Омлет с цветной капустой и луком,"Яйцо – 2 шт.
Молоко (коровье, миндальное или другое) – 30 мл
Цветная капуста – 50 г
Лук репчатый – 1/4 шт.
Соль – щепотка (по желанию)
Растительное масло – 1/2 ч. ложки (для смазывания сковороды)","Цветную капусту разберите на мелкие соцветия.
Лук нарежьте мелкими кубиками.
Соцветия цветной капусты опустите в кипящую воду и варите 2-3 минуты. Затем слейте воду и дайте капусте обсохнуть.
Разогрейте сковороду на среднем огне и слегка смажьте её растительным маслом.
Обжарьте лук до мягкости и лёгкого золотистого цвета.
Добавьте цветную капусту к луку и обжаривайте вместе 2-3 минуты.
В миске взбейте яйца с молоком и добавьте щепотку соли (по желанию).
Залейте овощи яичной смесью.
Готовьте омлет на слабом огне под крышкой 5-7 минут, пока яйца не схватятся и омлет не станет плотным.
Подавайте омлет горячим. Он отлично сочетается с легким овощным салатом или ломтиком цельнозернового хлеба.",основное,Яйца
57,Омлет с морковью и зелёным горошком,"Яйцо – 2 шт.
Молоко (коровье, миндальное или другое) – 30 мл
Морковь – 1/2 шт. (около 50 г)
Зелёный горошек (свежий или замороженный) – 30 г
Соль – щепотка (по желанию)
Растительное масло – 1/2 ч. ложки (для смазывания сковороды)","Морковь натрите на крупной тёрке или нарежьте тонкими полосками.
Если используете замороженный горошек, его можно разморозить перед использованием.
Разогрейте сковороду на среднем огне и слегка смажьте её растительным маслом.
Обжарьте натертую морковь 3-4 минуты до мягкости.
Добавьте к моркови зелёный горошек и готовьте ещё 2 минуты, пока горошек не станет мягким.
В миске взбейте яйца с молоком и добавьте щепотку соли (по желанию).
Залейте овощи яичной смесью.
Готовьте омлет на слабом огне под крышкой 5-7 минут, пока яйца не схватятся и омлет не станет плотным.
Подавайте омлет горячим. Он будет хорошо сочетаться с зелёным салатом или ломтиком цельнозернового хлеба.",основное,Яйца
58,Яйцо всмятку,"Яйцо – 1 шт.
Вода – для варки
Соль – по желанию","Возьмите яйцо и аккуратно помойте его под проточной водой.
Наполните небольшую кастрюлю водой и доведите её до кипения.
Аккуратно опустите яйцо в кипящую воду с помощью ложки, чтобы не повредить скорлупу.
Варите яйцо в течение 4-5 минут, чтобы желток остался мягким, а белок схватился.
После варки сразу опустите яйцо в холодную воду на 1 минуту, чтобы остановить процесс приготовления и облегчить очистку.
Очистите яйцо от скорлупы и подавайте сразу же. По желанию можно добавить немного соли.",основное,Яйца
59,"Яйцо ""в мешочек""","Яйцо – 1 шт.
Вода – для варки
Соль – по желанию","Возьмите яйцо и аккуратно промойте его под проточной водой.
Налейте в кастрюлю воду и доведите её до кипения.
Уменьшите огонь, чтобы вода слегка кипела.
Аккуратно опустите яйцо в воду с помощью ложки.
Варите яйцо в течение 5-6 минут. Белок должен полностью свернуться, а желток остаться жидким, но более плотным, чем в яйце всмятку.
После варки сразу же переложите яйцо в холодную воду на 1 минуту, чтобы остановить процесс приготовления и облегчить очистку.
Аккуратно очистите яйцо от скорлупы, стараясь не повредить белок.
Подавайте сразу, по желанию добавив немного соли.",основное,Яйца
60,Паровые яйца,"Яйцо – 2 шт.
Молоко (коровье, миндальное или другое) – 50 мл
Соль – щепотка (по желанию)
Растительное масло – для смазывания формы","В миске взбейте яйца с молоком до однородности. Добавьте щепотку соли по вкусу, если нужно.
Если у вас есть пароварка, подготовьте её, налив воду в резервуар.
Если пароварки нет, можно использовать кастрюлю с водой и сито/решетку, поверх которой разместите форму для яиц.
Легко смажьте форму для приготовления яиц растительным маслом, чтобы яйца не прилипли.
Вылейте яичную смесь в подготовленную форму.
Поставьте форму в пароварку или над кипящей водой в кастрюле.
Готовьте на пару в течение 10-12 минут, пока яйца полностью не схватятся и не станут плотными.
Осторожно достаньте форму с яйцами из пароварки.
Подавайте паровые яйца горячими. По желанию можно украсить зеленью.",основное,Яйца
61,Яичница с помидорами,"Яйца – 2 шт.
Помидор – 1 шт.
Соль – щепотка (по желанию)
Растительное масло – 1/2 ч. ложки (для смазывания сковороды)","Помидор вымойте и нарежьте тонкими кружочками или дольками.
Разогрейте сковороду на среднем огне и смажьте её небольшим количеством растительного масла.
Выложите нарезанные помидоры на сковороду и обжаривайте их 1-2 минуты, пока они не станут мягкими.
Разбейте яйца прямо на сковороду поверх помидоров.
Готовьте яичницу на среднем огне до тех пор, пока белок полностью не схватится, а желток останется слегка жидким или прожарится полностью, в зависимости от ваших предпочтений.
Снимите сковороду с огня и осторожно переложите яичницу на тарелку.
Посолите по вкусу и подавайте сразу.",основное,Яйца
62,Яичница с зелёным горошком,"Яйца – 2 шт.
Зелёный горошек (свежий или замороженный) – 50 г
Соль – щепотка (по желанию)
Растительное масло – 1/2 ч. ложки (для смазывания сковороды)","Если используете замороженный зелёный горошек, разморозьте его, обдав кипятком.
Свежий горошек просто промойте.
Разогрейте сковороду на среднем огне и смажьте её растительным маслом.
Выложите зелёный горошек на сковороду и обжаривайте его 2-3 минуты, периодически помешивая, чтобы горошек стал мягким и слегка подрумянился.
Разбейте яйца прямо на сковороду поверх горошка.
Готовьте яичницу на среднем огне до тех пор, пока белок полностью не схватится, а желток останется слегка жидким или прожарится полностью, в зависимости от ваших предпочтений.
Посолите яичницу по вкусу и сразу подавайте.",основное,Яйца
63,Яичница с кабачками,"Яйца – 2 шт.
Кабачок – 100 г (примерно половина маленького кабачка)
Соль – щепотка (по желанию)
Растительное масло – 1/2 ч. ложки (для смазывания сковороды)","Кабачок вымойте и нарежьте тонкими кружочками или полукружочками, если кабачок крупный.
Разогрейте сковороду на среднем огне и смажьте её растительным маслом.
Выложите нарезанные кабачки на сковороду и обжаривайте 3-4 минуты, пока они не станут мягкими и слегка подрумянятся. Переворачивайте кусочки, чтобы они обжарились равномерно.
Разбейте яйца прямо на сковороду поверх кабачков.
Готовьте яичницу на среднем огне до тех пор, пока белок полностью не схватится, а желток останется слегка жидким или прожарится полностью, в зависимости от ваших предпочтений.
Посолите яичницу по вкусу и сразу подавайте.",основное,Яйца
64,Яичница с болгарским перцем,"Яйца – 2 шт.
Болгарский перец – 1/2 шт. (примерно 60-70 г)
Соль – щепотка (по желанию)
Растительное масло – 1/2 ч. ложки (для смазывания сковороды)","Болгарский перец вымойте, удалите семена и нарежьте тонкими полосками или небольшими кубиками.
Разогрейте сковороду на среднем огне и смажьте её растительным маслом.
Выложите нарезанный болгарский перец на сковороду и обжаривайте 3-4 минуты, пока он не станет мягким и слегка подрумянится.
Разбейте яйца прямо на сковороду поверх болгарского перца.
Готовьте яичницу на среднем огне до тех пор, пока белок полностью не схватится, а желток останется слегка жидким или прожарится полностью, в зависимости от ваших предпочтений.
Посолите яичницу по вкусу и сразу подавайте.",основное,Яйца
65,Яичница с зеленью,"Яйца – 2 шт.
Свежая зелень (укроп, петрушка, шпинат или базилик) – 2-3 ст. ложки, нарезанные
Соль – щепотка (по желанию)
Растительное масло – 1/2 ч. ложки (для смазывания сковороды)","Промойте зелень и мелко нарежьте её.
Разогрейте сковороду на среднем огне и смажьте её растительным маслом.
Вылейте яйца на сковороду и сразу добавьте нарезанную зелень.
Готовьте яичницу на среднем огне, аккуратно помешивая, чтобы зелень равномерно распределилась по всей яичнице.
Готовьте до тех пор, пока белок полностью не схватится, а желток останется слегка жидким или прожарится полностью, в зависимости от ваших предпочтений.
Посолите яичницу по вкусу и сразу подавайте.",основное,Яйца
66,Творожная запеканка,"Творог – 200 г
Яйцо – 1 шт.
Мед – 1 ч. ложка (по желанию)
Разрыхлитель теста – 1/4 ч. ложки
Ванильный экстракт – 1/2 ч. ложки (по желанию)
Мука (по желанию) – 1 ст. ложка (можно использовать овсяную или гречневую)","Разогрейте духовку до 180°C.
Приготовьте форму для запеканки, смазав её небольшим количеством масла или выстелив пергаментной бумагой.
В миске тщательно перемешайте творог, яйцо, мед, разрыхлитель теста и ванильный экстракт. Если вы используете муку, добавьте её в массу и хорошо перемешайте до однородного состояния.
Выложите творожную массу в подготовленную форму.
Выпекайте в предварительно разогретой духовке около 25-30 минут, пока запеканка не станет золотистой сверху и не схватится внутри.
Дайте запеканке немного остыть перед нарезанием и подачей.",основное,Творог
67,Творожные оладьи,"Творог – 150 г
Яйцо – 1 шт.
Мука (можно использовать овсяную, гречневую или другую безглютеновую) – 2-3 ст. ложки
Разрыхлитель теста – 1/4 ч. ложки
Соль – щепотка
Растительное масло – 1/2 ч. ложки (для смазывания сковороды)","В миске тщательно перемешайте творог и яйцо до получения однородной массы.
Постепенно добавляйте муку и разрыхлитель теста, перемешивая до получения однородного теста. Консистенция должна быть достаточно густой, чтобы тесто не растекалось на сковороде.
Разогрейте сковороду на среднем огне и слегка смажьте её растительным маслом.
Ложкой выкладывайте тесто на сковороду, формируя небольшие оладьи.
Обжаривайте оладьи с обеих сторон до золотистой корочки. Обычно это занимает по 2-3 минуты с каждой стороны.
Готовые оладьи можно подавать горячими или тёплыми. Они хороши сами по себе или с немного медом, натуральным йогуртом или свежими ягодами.",основное,Творог
68,Творожные кексы,"Творог – 100 г
Яйцо – 1 шт.
Мука (овсяная, гречневая или другая безглютеновая) – 2 ст. ложки
Разрыхлитель теста – 1/4 ч. ложки
Мед или кленовый сироп – 1 ч. ложка (по желанию, для сладости)
Ванильный экстракт – 1/4 ч. ложки (по желанию)
Соль – щепотка","Разогрейте духовку до 180°C.
Приготовьте форму для кекса, смазав её небольшим количеством масла или выстелив пергаментной бумагой. Для одной порции можно использовать небольшую силиконовую формочку.
В миске тщательно перемешайте творог и яйцо до получения однородной массы.
Добавьте муку, разрыхлитель теста, мед (или сироп), ванильный экстракт и соль. Хорошо перемешайте все ингредиенты до получения однородного теста.
Вылейте тесто в подготовленную форму для кекса.
Выпекайте в предварительно разогретой духовке около 20-25 минут, или пока кекс не станет золотистым сверху и не пройдет тест на сухую зубочистку (зубочистка должна выйти из середины кекса сухой).
Дайте кексу немного остыть перед извлечением из формы и подачей.",основное,Творог
69,Творожная запеканка с ягодами,"Творог – 150 г
Яйцо – 1 шт.
Мука (овсяная, гречневая или другая безглютеновая) – 1 ст. ложка
Мед или кленовый сироп – 1 ч. ложка (по желанию, для сладости)
Ягоды (малина, черника, клубника и т.д.) – 50 г
Ванильный экстракт – 1/4 ч. ложки (по желанию)
Разрыхлитель теста – 1/4 ч. ложки
Соль – щепотка","Разогрейте духовку до 180°C.
Подготовьте небольшую форму для запеканки (например, керамическую или силиконовую), слегка смазав её растительным маслом.
В миске соедините творог и яйцо, хорошо перемешайте до однородной массы.
Добавьте муку, разрыхлитель теста, мед (или кленовый сироп), ванильный экстракт и соль. Перемешайте до однородного состояния.
Вмешайте ягоды в творожную массу, аккуратно перемешивая, чтобы не повредить ягоды.
Выложите смесь в подготовленную форму.
Выпекайте в разогретой духовке примерно 25-30 минут, или до золотистого цвета и полной готовности (запеканка должна быть плотной и не жидкой).
Дайте запеканке немного остыть перед подачей. Её можно подавать теплой или охлажденной.",основное,Творог
70,Творожные сырники,"Творог – 100 г
Яйцо – 1/2 шт. (можно использовать 1 перепелиное яйцо или взбить куриное яйцо и использовать половину)
Мука (овсяная, гречневая или другая безглютеновая) – 1 ст. ложка + немного для обсыпки
Мед или кленовый сироп – 1 ч. ложка (по желанию, для сладости)
Ванильный экстракт – 1/4 ч. ложки (по желанию)
Соль – щепотка
Растительное масло (кокосовое или оливковое) – для жарки, минимальное количество","В миске смешайте творог, яйцо, муку, мед (или кленовый сироп), ванильный экстракт и соль до однородного состояния.
Если тесто слишком жидкое, можно добавить немного больше муки.
Разделите тесто на 3-4 равные части.
Сформируйте из каждой части небольшие шарики и слегка прижмите их, чтобы получились плоские круги.
Обваляйте каждый сырник в небольшом количестве муки.
Нагрейте сковороду на среднем огне, добавив небольшое количество растительного масла.
Выложите сырники на сковороду и обжаривайте с каждой стороны по 2-3 минуты до золотистого цвета.
При необходимости жарьте на низкой температуре, чтобы сырники хорошо пропеклись внутри.
Подавайте сырники теплыми. Можно дополнить свежими ягодами или небольшим количеством натурального йогурта.",основное,Творог
71,Творожный пудинг,"Творог – 100 г
Яйцо – 1 шт.
Молоко (коровье, миндальное или другое растительное) – 50 мл
Мед или кленовый сироп – 1 ч. ложка (по желанию, для сладости)
Ванильный экстракт – 1/4 ч. ложки (по желанию)
Мука (овсяная, гречневая или другая безглютеновая) – 1 ст. ложка
Щепотка соли","Разогрейте духовку до 180°C.
Подготовьте небольшую форму для запекания, слегка смазав её растительным маслом.
В блендере или с помощью миксера смешайте творог, яйцо, молоко, мед (или кленовый сироп), ванильный экстракт и соль до получения однородной массы.
Добавьте муку и снова тщательно перемешайте.
Вылейте смесь в подготовленную форму для запекания.
Поставьте форму в разогретую духовку и выпекайте 20-25 минут, пока пудинг не поднимется и не станет золотистым.
Дайте пудингу немного остыть перед подачей. Он будет плотным и нежным одновременно.
Подавайте пудинг теплым или охлажденным, можно украсить его свежими ягодами или фруктами.",основное,Творог
72,Творожные маффины,"Творог – 100 г
Яйцо – 1 шт.
Овсяная или гречневая мука – 2 ст. ложки
Молоко (коровье, миндальное или другое растительное) – 2 ст. ложки
Мед или кленовый сироп – 1 ч. ложка (по желанию)
Разрыхлитель – 1/4 ч. ложки
Ванильный экстракт – 1/4 ч. ложки (по желанию)
Соль – щепотка
Ягоды или кусочки фруктов – 1-2 ст. ложки (по желанию)","Разогрейте духовку до 180°C.
Подготовьте формочки для маффинов, слегка смазав их растительным маслом или используя бумажные вкладыши.
В миске смешайте творог, яйцо, молоко, мед (или кленовый сироп), ванильный экстракт и соль до однородного состояния.
Добавьте муку и разрыхлитель, перемешайте до получения гладкого теста.
Если хотите добавить ягоды или фрукты, аккуратно вмешайте их в тесто.
Выложите тесто в подготовленные формочки, заполнив их примерно на 2/3.
Выпекайте в разогретой духовке 20-25 минут, пока маффины не станут золотистыми и не будут пружинить при нажатии.
Проверьте готовность маффинов деревянной палочкой: если она выходит чистой, маффины готовы.
Дайте маффинам немного остыть перед подачей.
Можно подавать маффины как теплыми, так и охлажденными.",основное,Творог
73,Творожная запеканка с фруктами,"Творог – 100 г
Яйцо – 1 шт.
Овсяная или гречневая мука – 1 ст. ложка
Молоко (коровье, миндальное или другое растительное) – 1 ст. ложка
Мед – 1 ч. ложка
Ванильный экстракт – 1/4 ч. ложки (по желанию)
Соль – щепотка
Фрукты (яблоко, груша, персик и т.д.) – 50-70 г, нарезанные кубиками
Разрыхлитель – 1/4 ч. ложки (по желанию)
Корицу или мускатный орех – по вкусу (по желанию)","Разогрейте духовку до 180°C.
Слегка смажьте форму для запекания растительным маслом или используйте пергаментную бумагу.
В миске взбейте яйцо с медом и ванильным экстрактом.
Добавьте творог, молоко, муку, разрыхлитель и соль, хорошо перемешайте до однородной массы.
Вмешайте в тесто нарезанные фрукты и специи, если используете.
Выложите тесто в подготовленную форму, разровняйте поверхность ложкой.
Выпекайте в разогретой духовке 25-30 минут, пока запеканка не станет золотистой и плотной на ощупь.
Проверьте готовность с помощью деревянной палочки: если она выходит чистой, запеканка готова.
Дайте запеканке немного остыть в форме, затем аккуратно извлеките ее.
Подайте запеканку теплой или охлажденной. Можно украсить свежими фруктами или ягодами.",основное,Творог
74,Творожные рулеты,"Творог – 100 г
Яйцо – 1 шт.
Овсяная или гречневая мука – 2 ст. ложки
Молоко (коровье, миндальное или другое растительное) – 2 ст. ложки
Мед или кленовый сироп – 1 ч. ложка (по желанию, для сладости)
Ванильный экстракт – 1/4 ч. ложки (по желанию)
Разрыхлитель – 1/4 ч. ложки
Соль – щепотка
Начинка (по желанию): свежие ягоды, нарезанные фрукты, немного орехов, или без добавок","Разогрейте духовку до 180°C.
Подготовьте небольшую форму для выпекания или застелите противень пергаментной бумагой.
В миске смешайте творог, яйцо, молоко, мед (или кленовый сироп), ванильный экстракт и соль.
Добавьте муку и разрыхлитель, перемешайте до получения однородного теста.
Вылейте тесто на подготовленный противень, распределите его в прямоугольник толщиной около 1 см.
Если используете начинку, равномерно распределите её по поверхности теста.
Аккуратно сверните тесто в рулет, начиная с одного края. Для удобства можно использовать пергаментную бумагу для формирования рулета.
Поставьте рулет в разогретую духовку и выпекайте 20-25 минут, пока он не станет золотистым и плотным.
После выпекания дайте рулету немного остыть, затем нарежьте его на порционные кусочки.
Подавайте рулеты как теплым, так и охлажденным. Можно украсить их свежими ягодами или фруктами, если желаете.",основное,Творог
